City_ID,City,Lat,Lng,Max Temp,Humidity,Cloudiness,Wind Speed,Country,Date
0,mataura,-46.1927,168.8643,63.48,35,62,5.79,NZ,1675999121
1,batagay,67.6333,134.6333,-42.39,94,92,0.98,RU,1675999121
2,dabrowa tarnowska,50.1746,20.9863,24.44,87,81,6.11,PL,1675999121
3,cape town,-33.9258,18.4232,70.92,75,0,10.0,ZA,1675999122
4,jamestown,42.097,-79.2353,47.01,89,100,13.8,US,1675999122
5,eregli,37.5133,34.0467,15.67,84,66,2.86,TR,1675999123
6,agropoli,40.3469,14.9966,39.15,78,100,8.79,IT,1675999123
7,castro,-24.7911,-50.0119,66.15,80,93,3.04,BR,1675999123
8,bethel,41.3712,-73.414,50.36,84,100,0.0,US,1675999124
9,puerto ayora,-0.7393,-90.3518,78.55,91,82,5.91,EC,1675999124
10,khromtau,50.2503,58.4347,12.92,88,100,17.85,KZ,1675999125
11,port elizabeth,-33.918,25.5701,63.1,94,0,3.44,ZA,1675999125
12,bengkulu,-3.8004,102.2655,82.26,68,99,5.7,ID,1675999125
13,quatre cocos,-20.2078,57.7625,79.09,77,85,11.32,MU,1675999126
14,faanui,-16.4833,-151.75,81.97,70,9,10.92,PF,1675999126
15,yellowknife,62.456,-114.3525,-13.58,100,46,4.56,CA,1675998942
16,hobyo,5.3505,48.5268,74.89,76,6,16.55,SO,1675999126
17,avarua,-21.2078,-159.775,82.45,69,20,3.44,CK,1675999127
18,yulara,-25.2406,130.9889,99.39,13,0,9.62,AU,1675999127
19,atasu,48.6814,71.6433,-4.52,97,100,3.38,KZ,1675999127
20,albany,42.6001,-73.9662,49.95,87,100,7.34,US,1675999128
21,bandarbeyla,9.4942,50.8122,74.66,75,13,13.24,SO,1675999128
22,carlagan,14.975,122.0456,80.4,72,34,12.01,PH,1675999128
23,dandong,40.1292,124.3947,36.93,53,63,3.76,CN,1675999129
24,vardo,70.3705,31.1107,28.38,80,88,20.71,NO,1675999129
25,butaritari,3.0707,172.7902,80.92,81,99,20.07,KI,1675999129
26,kukshi,22.2,74.75,73.9,22,7,1.3,IN,1675999130
27,tiksi,71.6872,128.8694,-39.57,99,82,4.32,RU,1675999130
28,norman wells,65.282,-126.8329,-7.56,77,20,5.75,CA,1675999130
29,sitka,57.0531,-135.33,44.49,70,100,12.66,US,1675999131
30,bluff,-46.6,168.3333,63.81,62,55,12.68,NZ,1675999131
31,niksic,42.7731,18.9445,13.86,76,42,6.31,ME,1675999131
32,bambous virieux,-20.3428,57.7575,79.21,78,40,6.91,MU,1675999132
33,nikolskoye,59.7035,30.7861,30.09,89,100,12.37,RU,1675999132
34,kapaa,22.0752,-159.319,82.38,79,75,19.57,US,1675999132
35,vaini,-21.2,-175.2,82.56,83,75,5.75,TO,1675999133
36,ushuaia,-54.8,-68.3,46.06,81,100,12.66,AR,1675999133
37,corinto,37.9407,22.9573,46.89,77,81,10.89,GR,1675999133
38,varazdin,46.3044,16.3378,27.1,63,0,0.36,HR,1675999134
39,arraial do cabo,-22.9661,-42.0278,74.48,90,55,8.52,BR,1675998955
40,vila velha,-20.3297,-40.2925,76.95,87,20,4.61,BR,1675999134
41,camacha,33.0833,-16.3333,58.42,77,40,14.97,PT,1675999134
42,busselton,-33.65,115.3333,77.72,47,0,13.0,AU,1675999135
43,kalmunai,7.4167,81.8167,77.85,80,87,6.78,LK,1675999135
44,sucre,-19.0333,-65.2627,56.55,81,73,2.39,BO,1675999135
45,bubaque,11.2833,-15.8333,73.89,67,10,15.43,GW,1675999136
46,chuy,-33.6971,-53.4616,69.15,90,0,4.07,UY,1675999136
47,paka,4.6374,103.4368,82.33,78,40,3.44,MY,1675999136
48,chokurdakh,70.6333,147.9167,-24.74,97,100,6.22,RU,1675999137
49,rokytne,51.2796,27.214,22.91,75,50,8.86,UA,1675999137
50,sur,22.5667,59.5289,69.24,70,5,8.14,OM,1675999137
51,enniskerry,53.1925,-6.1692,43.09,77,80,5.77,IE,1675999138
52,kodiak,57.79,-152.4072,22.51,42,0,4.61,US,1675999138
53,caravelas,-17.7125,-39.2481,73.44,91,86,3.65,BR,1675999138
54,rikitea,-23.1203,-134.9692,80.06,73,1,17.65,PF,1675999139
55,forbes,-33.3833,148.0167,86.34,28,0,5.39,AU,1675999139
56,ponta do sol,32.6667,-17.1,61.0,77,99,8.34,PT,1675999139
57,tuktoyaktuk,69.4541,-133.0374,-11.2,84,100,14.97,CA,1675999140
58,meulaboh,4.1363,96.1285,80.26,84,79,10.47,ID,1675999140
59,saldanha,-33.0117,17.9442,68.05,82,0,8.39,ZA,1675999140
60,dikson,73.5069,80.5464,3.34,93,100,30.53,RU,1675999141
61,pangnirtung,66.1451,-65.7125,-35.93,88,28,3.2,CA,1675999141
62,cabo san lucas,22.8909,-109.9124,68.5,65,0,3.44,MX,1675999001
63,usinsk,65.9939,57.5281,29.84,94,100,20.85,RU,1675999142
64,kruisfontein,-34.0033,24.7314,60.89,93,0,1.72,ZA,1675999142
65,nanortalik,60.1432,-45.2371,29.5,96,100,7.81,GL,1675999142
66,cidreira,-30.1811,-50.2056,73.11,84,70,8.99,BR,1675999143
67,torbay,47.6666,-52.7314,14.58,81,100,21.85,CA,1675999069
68,kulhudhuffushi,6.6221,73.07,79.18,72,97,3.71,MV,1675999143
69,atuona,-9.8,-139.0333,79.02,79,7,20.6,PF,1675999143
70,alyangula,-13.8483,136.4192,86.29,68,99,3.51,AU,1675999144
71,mount gambier,-37.8333,140.7667,86.94,28,0,10.16,AU,1675998927
72,maragogi,-9.0122,-35.2225,77.92,83,47,6.31,BR,1675999144
73,mar del plata,-38.0023,-57.5575,71.1,100,0,3.44,AR,1675999144
74,vila franca do campo,37.7167,-25.4333,55.81,76,59,9.04,PT,1675999145
75,constitucion,-35.3333,-72.4167,60.71,75,0,13.69,CL,1675999079
76,hobart,-42.8794,147.3294,72.27,77,40,12.66,AU,1675999145
77,punta arenas,-53.15,-70.9167,46.51,76,20,17.27,CL,1675999145
78,goderich,43.7501,-81.7165,37.9,100,100,13.8,CA,1675999049
79,pestravka,52.405,49.9583,16.47,97,100,4.54,RU,1675999146
80,barrow,71.2906,-156.7887,-14.78,76,100,4.61,US,1675999147
81,port blair,11.6667,92.75,82.44,65,75,5.75,IN,1675999148
82,sao filipe,14.8961,-24.4956,68.49,81,64,10.58,CV,1675999148
83,klaksvik,62.2266,-6.589,38.32,97,100,21.94,FO,1675999148
84,yarada,17.65,83.2667,77.32,78,67,2.3,IN,1675999149
85,mnogovershinnyy,53.9353,139.9242,-7.38,78,11,4.97,RU,1675999149
86,mahibadhoo,3.7833,72.9667,80.4,69,100,10.8,MV,1675999149
87,qaanaaq,77.484,-69.3632,-9.15,60,0,9.4,GL,1675999150
88,akyab,20.15,92.9,72.28,53,21,5.77,MM,1675999150
89,salamiyah,35.0113,37.0532,37.81,60,100,6.96,SY,1675999150
90,pevek,69.7008,170.3133,-25.55,99,100,4.63,RU,1675999151
91,tual,-5.6667,132.75,82.45,78,100,23.78,ID,1675999151
92,leningradskiy,69.3833,178.4167,-29.96,98,79,6.8,RU,1675999152
93,abnub,27.2696,31.1511,51.17,35,100,4.16,EG,1675999152
94,saskylakh,71.9167,114.0833,-45.92,98,51,6.96,RU,1675999152
95,beya,53.0533,90.9139,3.6,95,100,0.69,RU,1675999153
96,port alfred,-33.5906,26.891,67.17,97,98,6.55,ZA,1675999153
97,huilong,31.8111,121.655,47.93,87,100,12.46,CN,1675999153
98,aklavik,68.2191,-135.0107,-23.37,99,99,5.91,CA,1675999154
99,hilo,19.7297,-155.09,73.13,83,75,9.22,US,1675999119
100,kaman,27.65,77.2667,62.85,46,9,5.35,IN,1675999154
101,kidal,18.4411,1.4078,72.88,16,0,10.36,ML,1675999154
102,pisco,-13.7,-76.2167,71.65,94,40,5.75,PE,1675999155
103,derbent,42.0678,48.2899,26.51,77,49,5.14,RU,1675999155
104,coquimbo,-29.9533,-71.3436,64.13,88,100,4.61,CL,1675999155
105,carnarvon,-24.8667,113.6333,81.93,65,92,19.48,AU,1675999156
106,panguna,-6.3164,155.4848,83.16,55,100,3.22,PG,1675999156
107,along,28.1667,94.7667,58.96,76,97,1.68,IN,1675999156
108,tianpeng,30.9866,103.9393,56.71,87,100,2.06,CN,1675999157
109,roma,43.2128,-75.4557,52.83,93,100,12.66,US,1675999114
110,kamenka,51.3223,42.7678,13.39,97,100,5.26,RU,1675999157
111,ilulissat,69.2167,-51.1,3.22,78,100,10.36,GL,1675999157
112,magadan,59.5667,150.8,4.93,68,100,8.1,RU,1675999158
113,rena,61.1348,11.3641,26.24,60,1,13.4,NO,1675999158
114,tasiilaq,65.6145,-37.6368,21.36,63,100,15.61,GL,1675999158
115,bredasdorp,-34.5322,20.0403,69.06,88,64,11.77,ZA,1675999159
116,yerbogachen,61.2767,108.0108,-7.6,95,100,3.13,RU,1675999159
117,hithadhoo,-0.6,73.0833,81.19,73,100,9.62,MV,1675999159
118,ponta delgada,37.7333,-25.6667,56.12,71,20,9.22,PT,1675999160
119,noumea,-22.2763,166.4572,85.98,80,100,4.61,NC,1675999160
120,olovyannaya,50.95,115.5667,1.2,91,100,1.79,RU,1675999161
121,bundaberg,-24.85,152.35,83.43,53,40,13.71,AU,1675999161
122,garowe,8.4054,48.4845,64.45,83,9,8.79,SO,1675999161
123,baker city,44.7749,-117.8344,32.59,75,0,11.5,US,1675999124
124,akdepe,42.0551,59.3788,8.69,55,49,6.24,TM,1675999162
125,porbandar,21.6422,69.6093,71.19,72,14,4.92,IN,1675999162
126,tuatapere,-46.1333,167.6833,61.41,57,54,9.8,NZ,1675999163
127,jizan,17.3333,42.6667,74.34,75,11,1.28,SA,1675999163
128,show low,34.2542,-110.0298,29.08,41,0,10.36,US,1675999117
129,deer lake,49.1667,-57.4316,12.06,79,100,6.91,CA,1675999164
130,san felipe,10.3399,-68.7425,70.77,95,100,4.81,VE,1675999164
131,koulikoro,14.0,-7.75,73.31,15,0,6.62,ML,1675999164
132,luderitz,-26.6481,15.1594,62.76,91,7,9.04,NA,1675999164
133,hovd,48.0056,91.6419,7.43,74,100,1.45,MN,1675999165
134,praia da vitoria,38.7333,-27.0667,55.65,76,20,13.78,PT,1675999165
135,gat,31.61,34.7642,49.41,70,79,1.39,IL,1675998953
136,taksimo,56.3444,114.8794,-3.19,92,98,0.6,RU,1675999166
137,kiama,-34.6833,150.8667,85.37,67,4,8.99,AU,1675999166
138,mayo,38.8876,-76.5119,66.36,73,40,14.97,US,1675999166
139,paamiut,61.994,-49.6678,19.22,91,100,22.12,GL,1675999167
140,hede,33.7681,120.2517,44.89,65,89,5.59,CN,1675999167
141,severo-kurilsk,50.6789,156.125,20.61,63,87,25.81,RU,1675999167
142,lillooet,50.6856,-121.942,38.93,95,77,5.21,CA,1675999167
143,awjilah,29.1081,21.2869,52.93,64,25,6.89,LY,1675999168
144,lorengau,-2.0226,147.2712,81.86,80,99,14.23,PG,1675999168
145,eenhana,-17.4667,16.3333,67.71,71,73,6.17,NA,1675999168
146,abu kamal,34.4506,40.9171,41.88,48,100,5.66,SY,1675999169
147,ribeira grande,38.5167,-28.7,56.77,67,82,5.99,PT,1675999169
148,zhigansk,66.7697,123.3711,-37.95,96,99,7.87,RU,1675999170
149,port-gentil,-0.7193,8.7815,80.83,78,83,7.9,GA,1675999170
150,east london,-33.0153,27.9116,68.94,94,100,4.61,ZA,1675999170
151,hermanus,-34.4187,19.2345,71.8,77,77,15.37,ZA,1675999171
152,jalu,29.0331,21.5482,52.84,62,26,8.08,LY,1675999171
153,grindavik,63.8424,-22.4338,36.07,87,100,32.21,IS,1675999171
154,beyneu,45.3167,55.2,16.14,89,30,7.49,KZ,1675999172
155,bairiki,1.3292,172.9752,87.8,70,20,14.97,KI,1675999172
156,vrchlabi,50.627,15.6094,22.78,88,48,1.25,CZ,1675999172
157,pitanga,-24.7572,-51.7614,68.34,75,35,4.61,BR,1675999173
158,kaitangata,-46.2817,169.8464,58.82,56,77,7.4,NZ,1675999173
159,nuuk,64.1835,-51.7216,11.08,93,100,10.98,GL,1675999122
160,diebougou,10.9667,-3.25,76.98,16,4,5.5,BF,1675999173
161,lagoa,39.05,-27.9833,56.73,58,77,11.88,PT,1675999174
162,esperance,-33.8667,121.9,74.16,53,0,4.76,AU,1675999174
163,new norfolk,-42.7826,147.0587,71.91,66,52,1.99,AU,1675999174
164,namatanai,-3.6667,152.4333,83.95,72,100,12.68,PG,1675999175
165,fort nelson,58.8053,-122.7002,13.59,93,100,3.44,CA,1675999175
166,portland,45.5234,-122.6762,52.21,67,40,12.66,US,1675998891
167,batagay-alyta,67.8006,130.4114,-34.91,96,95,0.94,RU,1675999176
168,acajutla,13.5928,-89.8275,77.41,77,0,7.05,SV,1675999176
169,tautira,-17.7333,-149.15,81.21,74,36,10.87,PF,1675999176
170,challapata,-18.9,-66.7667,48.92,77,100,8.1,BO,1675999177
171,san patricio,28.017,-97.5169,62.46,52,100,6.93,US,1675999177
172,nalut,30.3333,10.85,43.11,71,66,7.02,LY,1675999178
173,nome,64.5011,-165.4064,-0.33,71,100,6.91,US,1675999178
174,margate,51.3813,1.3862,38.7,74,87,7.14,GB,1675999126
175,kawalu,-7.3817,108.2082,85.46,61,89,0.94,ID,1675999178
176,srednekolymsk,67.45,153.6833,-36.67,96,75,4.43,RU,1675999179
177,owando,-0.4819,15.8999,72.86,57,59,2.06,CG,1675999179
178,los llanos de aridane,28.6585,-17.9182,55.15,82,20,6.91,ES,1675999179
179,miri,4.4148,114.0089,86.14,79,40,4.61,MY,1675999180
180,olafsvik,64.8945,-23.7142,31.35,90,100,21.12,IS,1675999180
181,nouadhibou,20.931,-17.0347,62.58,94,75,8.05,MR,1675999074
182,sri aman,1.2376,111.4621,80.65,83,40,0.0,MY,1675999180
183,manavgat,36.7867,31.4431,38.16,51,0,8.66,TR,1675999071
184,provideniya,64.3833,-173.3,-3.89,59,100,11.18,RU,1675999181
185,liwale,-9.7667,37.9333,71.35,99,100,4.5,TZ,1675999181
186,pangody,65.85,74.4859,9.23,90,100,16.71,RU,1675999182
187,cherskiy,68.75,161.3,-39.82,98,97,4.99,RU,1675999182
188,ust-ishim,57.6935,71.1665,-2.49,100,95,3.85,RU,1675999182
189,rancho palos verdes,33.7445,-118.387,72.0,49,0,5.01,US,1675999183
190,pietarsaari,63.65,22.6833,33.01,93,100,9.08,FI,1675999183
191,vao,-22.6667,167.4833,78.73,82,100,12.75,NC,1675999183
192,riohacha,11.5444,-72.9072,78.04,74,97,14.07,CO,1675999183
193,bull savanna,17.8868,-77.5902,71.26,82,1,7.47,JM,1675999184
194,tyup,42.7276,78.3648,16.83,80,100,8.14,KG,1675999184
195,georgetown,5.4112,100.3354,87.73,73,20,5.75,MY,1675999206
196,campo maior,-4.8278,-42.1686,76.62,72,60,4.25,BR,1675999207
197,san jose,37.3394,-121.895,59.0,67,0,6.91,US,1675999138
198,okha,53.5739,142.9478,-11.18,88,16,14.18,RU,1675999207
199,cockburn town,21.4612,-71.1419,78.01,74,1,22.93,TC,1675999208
200,kisiwani,-4.1333,37.95,68.34,89,39,1.68,TZ,1675999209
201,jumla,29.2747,82.1838,45.81,40,7,0.65,NP,1675999210
202,grand gaube,-20.0064,57.6608,79.38,75,61,5.99,MU,1675999211
203,antalaha,-14.9003,50.2788,72.97,90,82,5.01,MG,1675999211
204,paracuru,-3.41,-39.0306,81.1,85,78,8.28,BR,1675999212
205,rocha,-34.4833,-54.3333,65.19,94,0,4.47,UY,1675998926
206,nueva concepcion,14.2,-91.3,73.99,81,0,2.26,GT,1675999120
207,kavieng,-2.5744,150.7967,81.63,82,100,13.29,PG,1675999213
208,krasnoselkup,65.7,82.4667,-5.44,98,100,12.39,RU,1675999213
209,zomin,39.9606,68.3958,21.36,96,100,3.38,UZ,1675999214
210,moree,-29.4667,149.85,87.73,32,0,7.58,AU,1675999214
211,kashi,39.4547,75.9797,31.95,43,100,0.92,CN,1675998957
212,yining,29.0361,114.5636,47.73,90,100,2.57,CN,1675999215
213,noshiro,40.2039,140.0242,31.03,61,100,5.68,JP,1675999217
214,oriximina,-1.7656,-55.8661,73.44,96,75,2.33,BR,1675999218
215,miraflores,19.2167,-98.8083,65.03,70,17,3.29,MX,1675999219
216,sayan,-11.1361,-77.1933,71.94,83,100,2.64,PE,1675999219
217,creston,41.0586,-94.3614,30.33,93,100,16.11,US,1675999219
218,piacabucu,-10.4056,-36.4344,77.92,84,43,6.98,BR,1675999220
219,prado,-17.3411,-39.2208,74.1,91,72,3.38,BR,1675999221
220,upernavik,72.7868,-56.1549,-23.67,95,99,7.4,GL,1675999101
221,charters towers,-20.1,146.2667,87.87,35,2,10.25,AU,1675999222
222,mahebourg,-20.4081,57.7,79.25,78,40,6.91,MU,1675999222
223,brae,60.3964,-1.353,37.6,97,100,14.03,GB,1675999222
224,saint-philippe,-21.3585,55.7679,80.19,80,99,10.92,RE,1675999223
225,dedza,-14.3779,34.3332,58.53,95,85,2.91,MW,1675999223
226,sibu,2.3,111.8167,82.71,74,40,3.44,MY,1675999224
227,sooke,48.3746,-123.7276,43.66,88,86,4.25,CA,1675999220
228,tarko-sale,64.9225,77.785,-0.6,96,100,13.44,RU,1675999225
229,wexford,52.3342,-6.4575,41.9,89,99,4.0,IE,1675999226
230,raymondville,26.4815,-97.7831,65.23,58,71,5.28,US,1675999227
231,ekibastuz,51.6667,75.3667,-1.61,92,99,8.57,KZ,1675999228
232,port hardy,50.6996,-127.4199,42.98,93,100,16.11,CA,1675999228
233,umm kaddadah,13.6017,26.6876,61.93,16,18,13.85,SD,1675999228
234,hamilton,39.1834,-84.5333,44.65,74,100,24.16,US,1675999229
235,bontang,0.1333,117.5,82.56,71,100,5.95,ID,1675999229
236,cairns,-16.9167,145.7667,85.95,70,100,10.36,AU,1675999230
237,egvekinot,66.3167,-179.1667,-22.41,88,89,6.96,RU,1675999230
238,peleduy,59.6289,112.7406,10.22,92,100,3.33,RU,1675999231
239,sidney,-33.8679,151.2073,90.61,65,20,12.66,AU,1675999125
240,waipawa,-41.4122,175.5153,62.71,58,77,12.33,NZ,1675999231
241,narsaq,60.9167,-46.05,21.42,97,100,2.91,GL,1675999232
242,siparia,10.1333,-61.5,74.82,87,11,10.04,TT,1675999232
243,talnakh,69.4865,88.3972,-6.47,97,100,12.35,RU,1675999233
244,coahuayana,18.7333,-103.6833,70.43,86,1,1.97,MX,1675999233
245,hervey bay,-25.2986,152.8535,81.95,58,0,22.7,AU,1675999233
246,kadoshkino,54.0257,44.4191,3.69,99,67,6.06,RU,1675999234
247,mackay,-21.15,149.2,92.68,66,10,10.4,AU,1675999234
248,acapulco,16.8634,-99.8901,80.42,69,0,6.91,MX,1675999234
249,fairbanks,64.8378,-147.7164,-1.86,80,75,6.91,US,1675999233
250,tagusao,9.1924,117.8141,82.45,71,5,9.15,PH,1675999235
251,conceicao do araguaia,-8.2578,-49.2647,73.17,90,30,1.41,BR,1675999236
252,creel,27.75,-107.6333,38.19,23,28,4.94,MX,1675999236
253,sheridan,44.8333,-106.9173,21.45,73,0,4.61,US,1675999236
254,ostrovnoy,68.0531,39.5131,33.4,76,100,25.32,RU,1675999237
255,nuevitas,21.5453,-77.2644,75.96,78,19,15.68,CU,1675999237
256,saint george,37.1041,-113.5841,45.19,33,0,16.11,US,1675999238
257,san julian,21.0167,-102.1667,60.82,30,99,7.63,MX,1675999238
258,chifeng,42.2683,118.9636,31.14,51,0,7.2,CN,1675999239
259,arlit,18.7369,7.3853,69.85,15,0,6.35,NE,1675999239
260,galesong,-5.3166,119.3661,86.02,80,100,10.54,ID,1675999240
261,burnie,-41.0667,145.9167,67.91,68,100,4.63,AU,1675999240
262,kardailovo,51.5386,53.9042,2.44,100,89,6.2,RU,1675999241
263,adrar,20.5022,-10.0711,68.27,21,100,13.13,MR,1675999241
264,beloha,-25.1667,45.05,73.69,81,18,5.53,MG,1675999241
265,kahului,20.8947,-156.47,77.02,68,40,14.97,US,1675999214
266,cabedelo,-6.9811,-34.8339,77.67,81,34,10.94,BR,1675998943
267,koson,39.0375,65.585,25.12,48,93,8.14,UZ,1675999242
268,senneterre,48.3835,-77.2328,29.5,95,100,10.11,CA,1675999242
269,contramaestre,20.2978,-76.2414,69.98,87,0,3.71,CU,1675999243
270,boca do acre,-8.7522,-67.3978,73.02,93,87,0.65,BR,1675999243
271,ambon,-3.6954,128.1814,89.74,62,40,8.05,ID,1675999244
272,sola,-13.8833,167.55,82.49,73,47,12.97,VU,1675999244
273,aripuana,-9.1667,-60.6333,71.46,99,83,2.51,BR,1675999244
274,salalah,17.0151,54.0924,75.29,27,0,13.8,OM,1675999245
275,airai,-8.9266,125.4092,66.58,82,100,4.74,TL,1675999245
276,plainview,40.7765,-73.4673,55.26,86,100,16.11,US,1675999245
277,middelburg,-25.7751,29.4648,60.98,94,100,4.74,ZA,1675999246
278,khatanga,71.9667,102.5,-48.48,99,42,4.27,RU,1675999246
279,haines junction,60.7522,-137.5108,13.95,79,100,3.44,CA,1675999247
280,hambantota,6.1241,81.1185,77.52,75,62,11.56,LK,1675999114
281,artur nogueira,-22.5731,-47.1725,73.51,89,0,2.95,BR,1675999247
282,hamina,60.5697,27.1979,33.08,96,100,23.09,FI,1675999130
283,talcahuano,-36.7167,-73.1167,65.88,72,0,10.36,CL,1675999248
284,daru,-9.0763,143.2092,79.02,85,100,9.82,PG,1675999248
285,clonakilty,51.6231,-8.8706,42.01,97,100,11.01,IE,1675999248
286,alta floresta,-9.8756,-56.0861,70.86,96,100,2.26,BR,1675999249
287,erenhot,43.6475,111.9767,27.0,60,62,14.92,CN,1675999249
288,padang,-0.9492,100.3543,82.45,75,100,3.4,ID,1675999249
289,pingzhuang,42.0372,119.2889,32.2,51,0,3.65,CN,1675999250
290,kutum,14.2,24.6667,57.65,16,98,7.52,SD,1675999250
291,litovko,49.2361,135.1742,1.31,90,100,1.77,RU,1675999251
292,mashhad,36.297,59.6062,28.54,93,100,16.11,IR,1675999160
293,nyaunglebin,17.95,96.7333,80.26,19,100,1.34,MM,1675999251
294,reguengos de monsaraz,38.4253,-7.5349,42.03,75,9,7.67,PT,1675999251
295,te anau,-45.4167,167.7167,66.04,38,37,2.21,NZ,1675999252
296,harper,4.375,-7.7169,78.89,84,41,4.92,LR,1675999252
297,lahij,13.1667,44.5833,68.13,91,0,2.13,YE,1675999252
298,aquiraz,-3.9014,-38.3911,81.18,83,100,7.58,BR,1675999253
299,maningrida,-12.0667,134.2667,87.46,68,98,5.19,AU,1675999253
300,mantua,45.1667,10.7833,25.84,66,0,5.82,IT,1675999253
301,muravlenko,63.7898,74.523,0.43,98,100,11.88,RU,1675999254
302,byron bay,-28.65,153.6167,83.71,54,1,12.68,AU,1675999124
303,kondopoga,62.2057,34.2614,28.08,89,100,11.61,RU,1675999254
304,betafo,-19.8333,46.85,58.24,94,95,4.5,MG,1675999255
305,chumikan,54.7183,135.315,-6.03,81,4,14.56,RU,1675999255
306,san juan,-31.5375,-68.5364,87.22,37,1,1.52,AR,1675998980
307,skibbereen,51.55,-9.2667,46.11,99,100,10.58,IE,1675999255
308,marsh harbour,26.5412,-77.0636,73.67,66,0,15.14,BS,1675999256
309,lebu,-37.6167,-73.65,58.93,95,3,5.39,CL,1675999256
310,wucheng,29.6008,118.175,49.42,87,100,3.65,CN,1675999256
311,salinopolis,-0.6136,-47.3561,78.03,86,23,8.41,BR,1675999257
312,sungairaya,0.7,108.9,85.68,64,71,2.95,ID,1675999257
313,saint-francois,46.4154,3.9054,20.68,93,9,3.44,FR,1675999257
314,rudiskes,54.5167,24.8333,26.1,75,98,11.61,LT,1675999258
315,kavaratti,10.5669,72.642,79.95,75,100,8.55,IN,1675999258
316,salvacion,7.9833,126.1333,80.78,79,80,4.38,PH,1675999258
317,talara,-4.5772,-81.2719,76.3,81,83,4.65,PE,1675999259
318,bom jesus do galho,-19.8289,-42.3161,68.59,93,100,2.73,BR,1675999259
319,bandar-e lengeh,26.5579,54.8807,59.11,36,0,9.22,IR,1675999259
320,mildura,-34.2,142.15,102.07,16,0,24.63,AU,1675999260
321,fortuna,40.5982,-124.1573,49.12,72,0,0.0,US,1675999260
322,nakatsu,33.5981,131.1883,47.17,96,100,11.21,JP,1675999260
323,siilinjarvi,63.0833,27.6667,32.02,86,100,12.66,FI,1675999261
324,tiznit,29.5833,-9.5,59.67,22,100,16.96,MA,1675999261
325,tibacuy,4.3511,-72.4564,81.91,53,63,6.06,CO,1675999261
326,shubarkuduk,49.1447,56.4872,1.11,98,90,6.31,KZ,1675999262
327,pacaembu,-21.5622,-51.2606,73.49,83,16,5.61,BR,1675999262
328,deputatskiy,69.3,139.9,-40.4,98,85,3.38,RU,1675999263
329,kamyzyak,46.11,48.0736,4.98,92,87,2.24,RU,1675999264
330,ouahigouya,13.5828,-2.4216,74.07,11,0,10.31,BF,1675998996
331,ericeira,38.9627,-9.4156,52.77,69,0,18.97,PT,1675999264
332,husavik,66.0449,-17.3389,21.0,70,100,13.18,IS,1675999264
333,victoria,22.2855,114.1577,72.97,87,91,3.0,HK,1675999203
334,bintulu,3.1667,113.0333,81.01,83,40,5.75,MY,1675999265
335,banda aceh,5.5577,95.3222,82.54,73,23,8.97,ID,1675999265
336,gunjur,13.2019,-16.7339,68.07,77,19,6.91,GM,1675999266
337,vilyuysk,63.7553,121.6247,-35.52,95,72,5.88,RU,1675999266
338,bolshevik,54.0065,27.5692,22.62,89,73,13.65,BY,1675999266
339,francisco sa,-16.4758,-43.4883,71.74,74,50,5.59,BR,1675999267
340,banepa,27.6298,85.5214,51.13,87,20,2.3,NP,1675999267
341,puerto leguizamo,-0.1934,-74.7819,73.98,85,91,2.91,CO,1675999267
342,longyearbyen,78.2186,15.6401,17.44,79,75,4.61,SJ,1675999268
343,sao gabriel,-30.3364,-54.32,74.57,67,70,7.14,BR,1675999268
344,opuwo,-18.0607,13.84,63.99,68,53,3.44,NA,1675999269
345,namtsy,62.7161,129.6658,-37.44,96,95,3.2,RU,1675999269
346,kaeo,-35.1,173.7833,70.39,55,100,7.85,NZ,1675999269
347,yumen,40.2833,97.2,34.41,24,3,9.01,CN,1675999270
348,san cristobal,7.7669,-72.225,68.18,95,83,1.59,VE,1675999270
349,tupik,54.4253,119.9327,-0.62,93,100,2.19,RU,1675999270
350,northam,51.0333,-4.2167,36.39,81,90,4.34,GB,1675999271
351,veraval,20.9,70.3667,71.24,56,58,8.08,IN,1675999140
352,vestmannaeyjar,63.4427,-20.2734,38.01,89,100,35.41,IS,1675999271
353,gubskaya,44.3164,40.6358,15.84,93,12,3.85,RU,1675999272
354,la crosse,43.8014,-91.2396,37.42,69,100,12.66,US,1675998981
355,inuvik,68.3499,-133.7218,-10.34,77,100,6.91,CA,1675999272
356,mingguang,32.7802,117.9638,44.69,76,100,5.5,CN,1675999273
357,thompson,55.7435,-97.8558,-9.24,84,20,2.3,CA,1675999273
358,launceston,-41.45,147.1667,80.15,49,75,11.5,AU,1675999273
359,rabat,33.9911,-6.8401,55.47,67,40,14.97,MA,1675999274
360,raudeberg,61.9875,5.1352,34.47,47,100,14.7,NO,1675999274
361,mogadishu,2.0371,45.3438,75.92,86,1,14.88,SO,1675999274
362,hohhot,40.8106,111.6522,26.89,93,75,2.24,CN,1675999275
363,beringovskiy,63.05,179.3167,-23.48,96,65,9.62,RU,1675999275
364,ascension,30.2169,-90.9001,63.0,84,0,0.0,US,1675999275
365,sao joao da barra,-21.6403,-41.0511,76.03,90,100,14.09,BR,1675999276
366,poum,-20.2333,164.0167,82.18,82,100,24.81,NC,1675999276
367,sinnamary,5.3833,-52.95,76.15,87,80,10.76,GF,1675999277
368,tumsar,21.3833,79.7333,71.46,24,9,3.85,IN,1675999277
369,tilichiki,60.4667,166.1,-11.04,86,100,13.65,RU,1675999277
370,kousseri,12.0769,15.0306,66.16,13,11,8.05,CM,1675999278
371,lishui,28.4604,119.9103,53.17,93,100,2.84,CN,1675999278
372,nabire,-3.3667,135.4833,82.0,70,98,2.48,ID,1675999278
373,verkhniy rohachyk,47.2505,34.338,21.78,74,97,1.72,UA,1675999279
374,soyo,-6.1349,12.3689,78.35,83,34,7.72,AO,1675999279
375,arvi,20.9833,78.2333,74.12,21,5,3.58,IN,1675999280
376,oranjemund,-28.55,16.4333,62.08,97,9,4.21,NA,1675999280
377,laguna,38.421,-121.4238,58.32,77,0,4.61,US,1675999178
378,morro bay,35.3658,-120.8499,60.4,75,0,1.01,US,1675999140
379,collie,-33.3667,116.15,84.69,30,0,8.97,AU,1675999281
380,nizhniy kuranakh,58.8353,125.4869,-7.1,97,97,2.24,RU,1675999281
381,azle,32.8951,-97.5459,52.02,73,0,12.66,US,1675999281
382,tevaitoa,-16.7833,-151.5,81.9,71,10,10.6,PF,1675999282
383,kenora,49.8167,-94.4337,7.77,66,0,6.91,CA,1675999282
384,tabou,4.423,-7.3528,78.76,85,6,4.79,CI,1675999282
385,bonavista,48.6499,-53.1147,18.39,74,100,23.11,CA,1675999283
386,pishva,35.308,51.7267,33.8,53,93,8.34,IR,1675999283
387,yar-sale,66.8333,70.8333,16.43,92,100,18.12,RU,1675999283
388,nedryhayliv,50.834,33.8763,19.71,93,99,6.4,UA,1675999284
389,oktyabrskoye,43.0645,44.7417,8.74,92,85,6.71,RU,1675999284
390,wanaka,-44.7,169.15,70.11,38,69,5.01,NZ,1675999284
391,komsomolskiy,40.4272,71.7189,29.12,93,100,4.61,UZ,1675999285
392,luanda,-8.8368,13.2343,77.0,83,75,4.61,AO,1675999285
393,severo-yeniseyskiy,60.3725,93.0408,-15.43,98,99,1.66,RU,1675999286
394,zanjan,36.6736,48.4787,15.49,86,40,4.61,IR,1675999286
395,madison,34.7334,-86.5667,52.48,76,0,7.0,US,1675999287
396,zabid,14.1951,43.3152,74.8,82,6,4.72,YE,1675999287
397,clyde river,70.4692,-68.5914,-28.97,75,0,8.05,CA,1675999287
398,lengshuijiang,27.6881,111.4294,47.62,84,97,2.53,CN,1675999288
399,matagami,49.7502,-77.6328,15.91,86,100,5.75,CA,1675999063
400,sabang,5.8933,95.3214,81.88,75,39,14.23,ID,1675999288
401,korla,41.7597,86.1469,31.14,53,100,0.78,CN,1675999289
402,pangkalanbuun,-2.6833,111.6167,90.34,49,51,4.76,ID,1675999289
403,aksarka,66.5606,67.7975,21.61,91,100,16.06,RU,1675999289
404,afsin,38.2477,36.914,5.09,85,30,2.21,TR,1675999290
405,katsuura,35.1333,140.3,41.02,84,100,12.57,JP,1675999290
406,wanning,18.8003,110.3967,78.51,75,69,7.72,CN,1675999290
407,san quintin,30.4833,-115.95,61.61,38,0,1.77,MX,1675999291
408,naze,28.3667,129.4833,67.12,82,100,17.36,JP,1675999291
409,baijiantan,45.6333,85.1833,27.57,71,80,16.6,CN,1675999292
410,carora,10.1755,-70.0827,71.4,82,94,8.55,VE,1675999292
411,kipushi,-11.7667,27.2333,59.07,96,91,4.81,CD,1675999292
412,ampanihy,-24.7,44.75,74.39,84,95,4.18,MG,1675999293
413,nagaur,27.2,73.7333,65.08,45,51,14.0,IN,1675999293
414,santa rosa,14.3122,121.1114,89.58,65,42,12.39,PH,1675999044
415,north bend,43.4065,-124.2243,49.91,87,100,13.8,US,1675999254
416,tesistan,20.7833,-103.4833,67.23,33,77,4.97,MX,1675999293
417,buta,2.7858,24.73,66.61,43,95,3.0,CD,1675999294
418,jiaojiang,28.6803,121.4428,54.0,81,83,10.67,CN,1675999294
419,eskil,38.4017,33.4131,12.92,100,98,2.44,TR,1675999294
420,bloomington,44.8408,-93.2983,28.72,48,75,19.57,US,1675999078
421,mount isa,-20.7333,139.5,89.37,40,6,14.97,AU,1675999295
422,panlaitan,12.1191,119.8486,82.02,68,29,5.41,PH,1675999295
423,auch,43.65,0.5833,36.25,91,22,1.28,FR,1675999295
424,indramayu,-6.3264,108.32,82.94,70,79,7.76,ID,1675999296
425,dubbo,-32.25,148.6167,82.53,47,40,8.05,AU,1675999296
426,half moon bay,37.4636,-122.4286,58.33,68,75,12.66,US,1675999296
427,mitsamiouli,-11.3847,43.2844,81.01,80,47,8.59,KM,1675999297
428,axim,4.8699,-2.2405,77.7,91,54,4.61,GH,1675999297
429,petropavlovsk-kamchatskiy,53.0452,158.6483,10.99,62,75,6.71,RU,1675999297
430,koungou,-12.7336,45.2042,80.31,89,100,11.5,YT,1675999298
431,banfora,10.6333,-4.7667,77.86,18,3,3.87,BF,1675999298
432,sapouy,11.5544,-1.7736,72.72,13,1,6.76,BF,1675999299
433,lasa,46.6166,10.7002,27.48,59,9,6.2,IT,1675999299
434,lavrentiya,65.5833,-171.0,-18.27,92,81,4.47,RU,1675999299
435,souillac,-20.5167,57.5167,79.18,78,40,6.91,MU,1675999300
436,una,20.8167,71.0333,73.15,31,78,4.88,IN,1675999300
437,maniwaki,46.3834,-75.966,32.38,100,100,2.3,CA,1675999300
438,la ronge,55.1001,-105.2842,17.85,79,75,5.75,CA,1675999301
439,pringsewu,-5.3582,104.9744,85.59,57,95,2.04,ID,1675999301
440,lucapa,-8.4192,20.7447,64.4,93,89,0.96,AO,1675999301
441,bilibino,68.0546,166.4372,-37.21,100,85,1.92,RU,1675999302
442,stromness,58.965,-3.296,42.76,89,100,15.99,GB,1675999302
443,solnechnyy,50.7214,136.6319,0.16,86,41,3.47,RU,1675999302
444,snezhnogorsk,69.1933,33.2531,33.58,89,100,13.8,RU,1675999303
445,cabadiangan,9.7531,122.4739,86.18,62,73,13.35,PH,1675999303
446,sakaiminato,35.55,133.2333,42.78,100,75,9.22,JP,1675999303
447,danjiangkou,32.5428,111.5086,43.32,69,97,5.73,CN,1675999304
448,port augusta,-32.5,137.7667,94.39,18,0,12.1,AU,1675999304
449,obihiro,42.9172,143.2044,9.81,76,100,2.04,JP,1675999304
450,nanchang,28.6833,115.8833,50.0,81,99,6.46,CN,1675999305
451,laramie,41.3114,-105.5911,13.95,78,0,4.61,US,1675999031
452,ahipara,-35.1667,173.1667,70.02,55,100,3.62,NZ,1675999305
453,muli,2.9167,73.5667,80.76,70,82,14.18,MV,1675999280
454,eureka,40.8021,-124.1637,46.92,84,2,1.01,US,1675999305
455,chapais,49.7834,-74.8492,11.98,93,100,9.51,CA,1675999306
456,burgersdorp,-30.9977,26.3286,57.4,86,100,10.4,ZA,1675999306
457,ketchikan,55.3422,-131.6461,44.58,98,100,7.45,US,1675999306
458,pandan,14.0453,124.1694,79.3,84,93,14.52,PH,1675999307
459,ramanuj ganj,23.8,83.7,68.68,21,0,4.03,IN,1675999155
460,deshnok,27.7986,73.3447,66.27,42,37,13.13,IN,1675999307
461,lamar,33.6668,-95.5836,52.36,82,20,6.91,US,1675999307
462,sigli,5.3848,95.9609,81.46,74,65,2.73,ID,1675999308
463,envira,-7.3,-70.2167,72.52,98,99,2.13,BR,1675999308
464,bembereke,10.2283,2.6634,72.32,15,2,5.5,BJ,1675999308
465,yokadouma,3.5167,15.05,64.35,39,65,1.68,CM,1675999309
466,kemijarvi,66.7131,27.4306,29.43,87,100,11.21,FI,1675999309
467,okhotsk,59.3833,143.3,-10.97,74,93,16.4,RU,1675999310
468,takoradi,4.8845,-1.7554,78.19,90,15,5.55,GH,1675999310
469,bac lieu,9.285,105.7244,82.81,65,65,16.89,VN,1675999310
470,lompoc,34.6391,-120.4579,57.69,76,0,0.0,US,1675999311
471,onguday,50.75,86.15,19.26,95,100,0.72,RU,1675999311
472,hasaki,35.7333,140.8333,38.21,80,100,17.63,JP,1675999311
473,marondera,-18.1853,31.5519,58.17,92,100,2.19,ZW,1675999312
474,hualmay,-11.0964,-77.6139,72.12,86,98,7.02,PE,1675999312
475,guerrero negro,27.9769,-114.0611,64.96,39,0,5.19,MX,1675999312
476,porto velho,-8.7619,-63.9039,73.45,94,0,0.0,BR,1675999313
477,asau,46.4333,26.4,4.28,83,2,6.6,RO,1675999313
478,cua,10.1589,-66.8858,75.09,98,100,2.77,VE,1675999313
479,tombouctou,20.0,-3.0,67.86,13,100,17.02,ML,1675999314
480,bindura,-17.3019,31.3306,63.16,96,100,1.83,ZW,1675999314
481,tolaga bay,-38.3667,178.3,66.33,56,12,10.38,NZ,1675999314
482,nacogdoches,31.6002,-94.6335,54.79,75,0,0.0,US,1675999308
483,fowa,8.9167,6.4,76.01,19,52,4.25,NG,1675999315
484,arona,28.0996,-16.681,58.39,64,75,6.91,ES,1675999315
485,barybino,55.2677,37.8933,27.64,74,100,11.18,RU,1675999315
486,ivdel,60.6911,60.4206,18.84,87,23,7.74,RU,1675999316
487,palmer,42.1584,-72.3287,52.25,93,100,0.0,US,1675999124
488,touros,-5.1989,-35.4608,79.84,80,31,12.62,BR,1675999316
489,novobirilyussy,56.9514,90.6661,-19.03,100,98,1.9,RU,1675999316
490,alamogordo,32.8995,-105.9603,37.22,48,20,16.11,US,1675999209
491,rong kwang,18.339,100.3174,80.08,42,66,2.04,TH,1675999317
492,union,40.6334,-74.2663,57.42,86,100,3.44,US,1675999317
493,matay,28.419,30.7792,48.16,48,14,8.14,EG,1675999317
494,dalnerechensk,45.9339,133.7225,13.32,81,100,3.58,RU,1675999318
495,cayenne,4.9333,-52.3333,77.04,88,75,3.44,GF,1675999318
496,sattahip,12.6664,100.9007,86.09,74,20,6.91,TH,1675999318
497,tigil,57.8,158.6667,8.37,87,33,1.74,RU,1675999319
498,emba,48.8264,58.1442,-0.45,98,54,4.85,KZ,1675999319
499,moindou,-21.6924,165.677,82.38,73,100,5.06,NC,1675999319
500,preobrazheniye,42.9019,133.9064,24.06,84,100,2.19,RU,1675999320
501,coari,-4.085,-63.1414,73.4,93,35,1.83,BR,1675999320
502,bom jesus,-9.0744,-44.3586,72.97,52,0,2.44,BR,1675999320
503,hit,33.6416,42.8251,42.58,51,99,5.82,IQ,1675999321
504,ancud,-41.8697,-73.8203,58.91,99,100,7.65,CL,1675999321
505,port macquarie,-31.4333,152.9167,82.89,59,18,12.62,AU,1675999321
506,roncesvalles,4.0108,-75.6049,51.24,88,97,2.08,CO,1675999322
507,tiarei,-17.5333,-149.3333,86.02,75,14,10.54,PF,1675999322
508,labuhan,-6.8844,112.2051,83.7,75,63,9.46,ID,1675999323
509,khorixas,-20.3667,14.9667,64.83,71,4,2.59,NA,1675999287
510,ken caryl,39.5773,-105.1169,23.81,55,88,3.0,US,1675999149
511,faya,18.3851,42.4509,50.11,78,42,1.66,SA,1675999324
512,palizada,18.25,-92.0833,72.18,90,15,3.96,MX,1675999324
513,pachino,36.7186,15.0907,52.38,92,100,36.1,IT,1675999325
514,kifri,34.6959,44.9661,39.63,68,12,8.3,IQ,1675999325
515,gamba,-2.65,10.0,78.3,86,100,3.71,GA,1675999325
516,chambery,45.5667,5.9333,33.28,87,20,2.82,FR,1675999326
517,porto santo,33.072,-16.3415,61.18,77,40,14.97,PT,1675999326
518,chicama,-7.8447,-79.1469,70.34,76,45,4.0,PE,1675999326
519,virginia,37.5481,-77.4467,67.44,74,0,13.8,US,1675999268
520,kieta,-6.2167,155.6333,85.51,67,95,5.55,PG,1675999327
521,pauini,-7.7136,-66.9764,72.54,96,100,1.7,BR,1675999327
522,kisangani,0.5167,25.2,70.45,61,89,0.69,CD,1675999328
523,florida,28.7505,-82.5001,70.83,87,40,0.0,US,1675999156
524,hofn,64.2539,-15.2082,29.89,70,100,12.86,IS,1675999328
525,the valley,18.217,-63.0578,78.1,72,0,23.35,AI,1675999279
526,miyako,39.6367,141.9525,34.29,68,100,11.88,JP,1675999329
527,yenagoa,4.9247,6.2642,77.92,90,15,2.44,NG,1675999329
528,imeni babushkina,59.7573,43.1285,26.91,88,100,10.76,RU,1675999330
